{
  "train_loss": [
    0.06596579575662395,
    0.01021929603374071,
    0.0026324037690343845,
    0.0005929281501098389,
    0.0008060704372946866
  ],
  "val_loss": [
    0.010465893386021913,
    0.014855741137182294,
    0.004379467841204698,
    0.00515835243591955,
    0.005669626530396643
  ],
  "val_accuracy": [
    0.9984379881287098,
    0.9971883786316776,
    0.9984379881287098,
    0.9987503905029679,
    0.9987503905029679
  ],
  "val_f1": [
    0.9984380246122908,
    0.9971883124031657,
    0.9984378768174847,
    0.9987503905029679,
    0.9987503905029679
  ]
}