{
  "train_loss": [
    0.06647878523731066,
    0.008529194027448478,
    0.003005985358707797,
    0.0016355981023539476,
    0.001093192868854413
  ],
  "val_loss": [
    0.014573496228727728,
    0.012007769652497804,
    0.015639145291776065,
    0.013381487717160962,
    0.014989744623354586
  ],
  "val_accuracy": [
    0.9975007810059356,
    0.9981255857544518,
    0.9978131833801936,
    0.9981255857544518,
    0.9978131833801936
  ],
  "val_f1": [
    0.9975007810059356,
    0.9981255857544518,
    0.9978131318691289,
    0.9981255857544518,
    0.9978132344572072
  ]
}