{
  "train_loss": [
    0.44186925392013165,
    0.39456943994489824,
    0.39112485556927307,
    0.4087058902706629,
    0.3755064585904806
  ],
  "val_loss": [
    0.39906771025106086,
    0.43180855378434435,
    0.434827714268841,
    0.4391168159854353,
    0.3675291051541395
  ],
  "val_accuracy": [
    0.8625429553264605,
    0.845673227116526,
    0.8322399250234301,
    0.8316151202749141,
    0.8622305529522024
  ],
  "val_f1": [
    0.8626808846255491,
    0.8456976872052643,
    0.8308495200461383,
    0.8315909628519454,
    0.8623561744742335
  ]
}